state_code,state_name,subject,ss,se,indicator,government,government_aided,se_govt,se_govt_aided,govt_indicator,private,se_private,prvt_indicator,central_govt,se_central_govt,cent_govt_indicator,ssb,ssg,seb,seg,gender_indicator,rural_ss,rural_se,urban_ss,urban_se,area_wise_indicator,general,sc,se_gen,se_sc,gen_indicator,st,se_st,st_indicator,obc,se_obc,st_indicator
1,Jammu & Kashmir,eng,284,0.6,2,259.36,209.25,.635,14.343,0,307.22,.824,2,330.72,2.869,2,279.81,287.27,.779,.794,2,274.38,.617,307.07,1.096,0,288.81,271.74,.684,1.867,0,260.05,1.667,0,281.23,1.885,0
2,Himachal Pradesh,eng,293,0.8,2,255.96,,.685,,3,325.30,1.199,2,331.74,2.898,2,287.18,300.40,1.097,1.183,2,284.87,.860,323.49,1.826,0,303.95,274.76,1.137,1.494,0,285.78,2.578,0,284.86,2.045,0
3,Punjab,eng,319,0.5,2,320.32,284.02,.753,.892,0,330.86,.814,2,338.02,1.928,2,309.71,327.21,.695,.658,2,319.94,.625,316.59,.758,2,328.10,310.39,.761,.765,0,299.77,8.574,0,314.53,1.062,0
4,Chandigarh,eng,342,2.5,2,296.45,332.86,2.949,8.473,2,387.80,3.301,2,350.80,7.244,2,343.32,340.81,3.540,3.629,1,285.72,5.953,346.68,2.628,0,349.10,305.57,2.902,5.642,0,417.00,66.000,2,335.02,8.626,0
5,Uttarakhand,eng,274,0.6,0,251.19,253.51,.667,.845,1,302.35,1.132,2,322.55,2.543,2,271.40,276.48,.785,.884,2,267.35,.673,288.31,1.121,0,286.22,255.04,.874,.985,0,262.17,3.170,0,264.26,1.114,0
6,Haryana,eng,293,0.5,2,272.84,274.45,.542,4.194,1,310.70,.777,2,330.37,2.466,2,286.70,297.92,.703,.671,2,285.46,.541,307.28,.957,0,310.95,274.50,.845,.780,0,286.78,9.831,0,285.88,.792,0
7,Delhi,eng,318,0.7,2,287.67,298.34,.837,1.576,2,355.88,1.080,2,320.46,2.702,2,312.18,324.55,.936,1.009,2,293.53,4.433,318.27,.696,0,322.88,296.28,.856,1.567,0,309.48,7.100,0,317.96,1.757,1
8,Rajasthan,eng,290,0.4,2,287.52,,.567,,3,287.26,.592,1,323.23,1.748,2,286.92,292.47,.547,.595,2,287.69,.472,294.15,.772,0,308.75,285.16,1.013,.950,0,273.51,1.007,0,288.24,.552,0
9,Uttar Pradesh,eng,251,0.2,0,244.80,242.81,.339,.241,0,255.96,.342,2,303.54,1.155,2,253.24,248.40,.276,.248,0,247.23,.196,262.99,.463,0,265.37,244.03,.485,.343,0,240.86,1.561,0,248.23,.237,0
10,BIHAR,eng,262,0.4,0,244.01,252.54,.344,1.080,2,283.40,.740,2,324.74,2.065,2,268.81,255.70,.570,.470,0,254.92,.381,287.03,.919,0,281.96,245.81,.884,.915,0,251.89,2.029,0,257.60,.441,0
11,SIKKIM,eng,303,1.5,2,285.79,341.89,1.509,8.553,2,338.67,3.256,2,357.84,5.306,2,300.12,306.07,2.168,2.061,2,299.00,1.578,322.76,3.966,0,319.16,287.17,5.108,5.315,0,303.65,2.396,0,301.87,2.230,0
12,ARUNACHAL PRADESH,eng,301,1.0,2,276.74,354.22,1.031,3.259,2,336.93,1.962,2,334.75,3.160,2,297.90,304.60,1.417,1.380,2,293.60,1.215,313.98,1.638,0,285.21,300.77,2.537,7.038,2,305.40,1.139,2,302.20,4.642,2
13,NAGALAND,eng,296,0.8,2,274.11,,1.140,,3,308.92,1.117,2,317.52,4.666,2,292.63,299.11,1.207,1.179,2,288.85,1.025,306.98,1.413,0,299.71,294.45,4.754,7.584,1,296.14,.899,1,298.99,5.824,1
14,MANIPUR,eng,289,0.8,2,264.94,265.16,1.261,2.230,1,302.11,1.102,2,339.80,4.316,2,288.24,290.17,1.192,1.163,2,290.24,.955,286.05,1.703,2,289.04,292.94,2.176,3.587,1,299.60,1.229,2,276.63,1.444,0
15,MIZORAM,eng,262,0.8,0,251.76,259.65,1.047,1.568,2,278.96,1.712,2,265.60,4.903,2,259.18,264.99,1.206,1.114,2,252.87,.974,271.48,1.270,0,275.84,262.21,11.203,9.886,0,263.15,.874,0,313.00,24.635,2
16,TRIPURA,eng,276,0.9,1,256.26,270.67,.836,2.619,2,319.79,2.009,2,330.89,4.656,2,273.40,277.63,1.291,1.244,2,271.89,.980,288.10,2.055,0,284.91,268.30,2.085,1.882,0,276.26,1.525,0,272.05,1.760,0
17,MEGHALAYA,eng,263,0.7,0,258.27,258.16,1.707,.863,1,268.12,1.168,2,315.52,5.073,2,261.31,264.72,1.007,.872,2,259.01,.664,284.84,2.031,0,293.72,279.29,3.851,7.940,0,260.73,.665,0,285.78,6.582,0
18,ASSAM,eng,269,0.3,0,258.12,244.61,.456,.492,0,292.59,.651,2,329.00,1.847,2,271.55,267.65,.512,.463,0,264.58,.353,293.44,.987,0,270.94,262.15,.576,1.087,0,268.28,.710,0,271.55,.648,1
19,WEST BENGAL,eng,299,0.6,2,265.21,329.10,.568,3.530,2,343.03,1.036,2,339.18,2.037,2,303.88,294.81,.898,.806,0,286.18,.689,324.56,1.067,0,315.51,282.87,.892,1.239,0,281.41,2.092,0,283.36,1.131,0
20,JHARKHAND,eng,268,0.4,0,253.75,256.18,.464,.914,1,286.77,.858,2,304.56,1.993,2,272.87,265.19,.685,.543,0,262.19,.450,287.17,.992,0,303.47,258.72,1.474,1.270,0,256.77,.664,0,267.88,.595,0
21,Odisha,eng,273,0.4,0,261.48,255.58,.493,.401,0,307.65,.866,2,296.78,1.503,2,274.83,272.07,.521,.474,0,264.79,.346,306.64,.930,0,305.48,262.26,.935,.773,0,254.86,.574,0,271.83,.516,0
22,Chhattisgarh,eng,259,0.4,0,243.14,247.12,.364,1.112,2,275.73,.753,2,320.23,2.600,2,258.52,258.46,.582,.534,1,251.60,.434,271.40,.756,0,294.54,253.56,1.579,1.042,0,248.39,.585,0,257.75,.547,0
23,MADHYA PRADESH,eng,270,0.3,0,263.85,251.96,.382,.846,0,279.05,.470,2,269.38,.790,2,268.56,271.71,.393,.390,2,263.85,.351,277.29,.429,0,296.05,263.81,.757,.640,0,249.96,.556,0,268.65,.367,0
24,Gujarat,eng,265,0.3,0,248.68,256.35,.465,.382,2,284.68,.611,2,268.76,.882,2,261.27,268.87,.403,.408,2,259.47,.325,276.32,.551,0,289.80,262.34,.728,1.006,0,256.56,.487,0,256.55,.366,0
25,Daman & Diu,eng,277,2.4,1,259.41,300.21,2.590,7.363,2,300.84,4.976,2,281.39,8.563,2,269.80,284.29,3.099,3.607,2,278.61,3.032,274.20,3.858,2,291.74,285.27,4.595,11.538,0,255.48,4.923,0,272.98,3.265,0
26,Dadra & Nagar Haveli,eng,280,3.0,2,242.93,263.98,1.643,6.752,2,339.82,5.410,2,311.38,16.041,2,276.71,284.33,3.974,4.593,2,276.92,3.459,289.43,6.042,0,329.16,269.40,7.120,9.582,0,254.58,2.725,0,303.07,8.295,0
27,Maharashtra,eng,281,0.4,2,256.03,267.23,.553,.455,2,313.27,.679,2,274.54,1.134,2,278.77,283.99,.495,.500,2,270.81,.421,295.54,.578,0,294.53,273.07,.644,.853,0,253.75,.710,0,283.08,.574,0
28,Andhra Pradesh,eng,287,0.6,2,266.37,252.46,.874,.963,0,320.43,1.034,2,311.07,2.495,2,284.15,289.02,.943,.881,2,277.19,.815,297.77,.990,0,309.20,267.45,1.384,1.332,0,263.94,2.395,0,286.29,.896,0
29,Karnataka,eng,277,0.3,2,264.25,260.24,.468,.445,0,300.20,.590,2,303.98,1.467,2,272.51,281.32,.441,.430,2,271.99,.390,283.81,.490,0,301.74,262.87,1.096,.624,0,262.92,.919,0,278.46,.389,0
30,Goa,eng,317,1.8,2,277.22,326.09,2.120,2.575,2,385.07,4.262,2,357.10,6.321,2,308.71,325.87,2.564,2.541,2,308.83,2.059,335.83,3.488,0,321.77,298.19,2.376,10.347,0,286.87,3.811,0,314.70,4.112,0
31,Lakshadweep,eng,290,4.4,2,285.05,,4.557,,3,,,3.00,324.32,13.373,2,273.23,301.15,6.489,5.712,2,289.55,4.411,,,3,335.00,,,,3,288.30,4.490,0,298.60,34.704,0
32,Kerala,eng,304,0.6,2,272.19,287.40,.821,.877,2,342.50,.997,2,353.35,2.708,2,290.89,316.98,.828,.796,2,299.53,.666,317.42,1.179,0,329.25,280.69,1.146,1.858,0,256.35,2.989,0,298.42,.724,0
33,Tamilnadu,eng,272,0.4,0,250.68,254.57,.445,.498,2,306.84,.693,2,288.49,3.181,2,263.85,279.32,.533,.517,2,270.76,.392,284.89,1.248,0,282.66,256.36,1.170,.678,0,252.68,3.974,0,275.55,.479,0
34,Puducherry,eng,293,1.4,2,267.08,286.83,1.921,2.950,2,314.62,2.286,2,329.05,6.473,2,281.41,302.11,2.176,1.826,2,283.51,1.965,301.17,1.995,0,311.03,273.03,4.234,3.085,0,276.29,24.309,0,292.92,1.709,0
35,Andaman & Nicobar Islands,eng,295,2.1,2,276.00,322.17,2.042,13.365,2,351.13,4.680,2,330.24,11.148,2,289.11,300.95,3.014,3.038,2,287.64,2.467,309.62,4.001,0,299.39,309.60,2.946,15.052,2,262.71,4.036,0,304.93,4.105,1
36,Telangana,eng,286,0.4,2,262.70,277.29,.495,1.770,2,307.26,.560,2,291.32,1.478,2,280.48,290.81,.548,.540,2,273.57,.508,297.61,.556,0,312.38,276.85,1.079,.914,0,267.14,1.047,0,285.39,.504,0
37,Ladakh,eng,290,2.2,2,267.32,,2.565,,3,317.35,3.279,2,324.34,9.687,2,285.02,294.80,3.093,3.104,2,283.78,2.523,305.11,4.223,0,300.31,308.17,16.036,38.517,2,292.09,2.348,0,304.50,76.500,1
0,National,eng,276,0.1,,262.05,258.03,.113,.142,0,296.95,.154,2,299.29,.364,2,274.85,277.67,.119,.116,2,268.60,.094,292.28,.158,0,296.60,266.91,.185,.192,0,265.28,.194,0,271.34,.120,0
1,Jammu & Kashmir,mil,236,0.4,0,222.22,244.20,.524,21.535,2,249.15,.668,2,274.31,2.392,2,233.59,239.15,.601,.633,2,231.96,.495,247.67,.870,0,239.07,239.96,.539,1.499,1,223.31,1.331,0,233.55,1.460,0
2,Himachal Pradesh,mil,269,0.6,2,253.81,,.784,,3,280.03,.905,2,292.41,2.710,2,262.13,275.69,.838,.892,2,265.68,.685,279.76,1.367,0,274.04,260.96,.849,1.270,0,261.82,1.900,0,266.05,1.755,0
3,Punjab,mil,284,0.4,2,289.89,265.09,.583,.766,0,286.08,.607,0,292.51,1.672,1,277.17,290.99,.526,.506,2,286.64,.483,280.64,.569,2,287.82,281.69,.576,.595,0,265.86,9.395,0,281.48,.817,0
4,Chandigarh,mil,289,1.9,2,274.44,282.50,2.533,5.888,2,302.44,3.018,2,299.69,6.408,2,281.61,296.49,2.566,2.637,2,275.33,5.367,290.15,1.954,0,291.18,272.12,2.153,4.290,0,296.80,29.282,1,299.88,6.603,2
5,Uttarakhand,mil,262,0.5,2,249.64,253.36,.763,.963,2,276.42,.856,2,292.67,2.376,2,260.00,265.03,.670,.764,2,258.80,.603,270.38,.903,0,270.41,249.36,.704,.993,0,251.24,2.799,0,259.03,1.077,0
6,Haryana,mil,278,0.4,2,269.07,263.83,.564,3.337,1,286.66,.628,2,300.66,2.318,2,272.73,283.65,.595,.585,2,276.60,.500,282.01,.764,0,287.93,269.06,.676,.771,0,267.06,7.475,0,275.23,.736,0
7,Delhi,mil,281,0.5,2,275.75,270.28,.810,1.294,0,290.95,.910,2,275.68,2.366,1,274.85,287.89,.744,.783,2,274.64,3.384,280.98,.550,0,283.03,270.74,.669,1.322,0,265.69,4.995,0,285.25,1.479,1
8,Rajasthan,mil,280,0.4,2,274.86,,.513,,3,282.62,.508,2,304.23,1.496,2,279.08,280.99,.484,.524,1,278.07,.423,284.80,.650,0,292.23,275.41,.794,.859,0,264.64,.982,0,281.14,.497,0
9,Uttar Pradesh,mil,249,0.2,0,240.85,245.00,.363,.300,2,252.68,.330,2,296.32,1.099,2,252.50,245.90,.282,.264,0,246.31,.215,258.51,.426,0,261.95,241.04,.447,.386,0,237.70,1.793,0,247.85,.259,0
10,BIHAR,mil,252,0.3,0,239.22,244.65,.392,1.108,2,265.69,.619,2,312.45,1.904,2,258.71,245.93,.511,.447,0,246.70,.368,270.60,.779,0,267.23,238.76,.762,.919,0,243.81,1.982,0,249.12,.425,0
11,SIKKIM,mil,232,1.2,0,226.52,236.51,1.347,5.972,2,239.46,2.923,2,276.51,6.345,2,227.70,236.52,1.762,1.720,2,230.21,1.372,241.11,2.789,0,256.19,231.76,3.999,5.725,0,226.11,1.926,0,232.43,1.804,0
12,ARUNACHAL PRADESH,mil,237,0.7,0,226.80,270.93,.754,2.846,2,247.22,1.559,2,254.76,2.636,2,232.90,241.08,1.004,.967,2,233.30,.848,243.92,1.197,0,239.36,240.05,1.830,5.256,1,236.55,.799,1,249.05,3.867,2
13,NAGALAND,mil,214,0.8,0,206.17,,1.232,,3,215.79,.955,2,239.81,4.538,2,211.16,215.78,1.083,1.067,2,210.49,1.013,217.90,1.147,0,224.19,230.59,3.453,6.287,1,212.52,.811,0,220.58,5.290,1
14,MANIPUR,mil,216,0.7,0,212.11,217.07,1.190,1.897,1,216.54,.871,2,234.41,3.862,2,216.10,216.26,1.006,.876,1,215.30,.765,218.66,1.314,0,223.80,213.98,1.521,2.217,0,214.63,1.113,0,213.80,1.119,0
15,MIZORAM,mil,204,0.8,0,204.10,202.88,1.226,1.492,1,204.31,1.423,1,212.66,3.678,2,204.27,204.29,1.101,1.094,1,205.91,.971,202.11,1.247,2,223.07,225.30,8.232,14.811,1,203.95,.823,0,212.14,15.332,0
16,TRIPURA,mil,248,0.7,0,246.93,263.07,.842,2.371,2,242.31,1.776,1,264.97,4.184,2,243.89,252.34,1.034,1.031,2,244.03,.814,262.67,1.569,0,260.13,255.08,1.534,1.586,1,228.60,1.091,0,259.48,1.549,1
17,MEGHALAYA,mil,209,0.8,0,202.22,203.50,1.966,1.025,1,215.57,1.346,2,239.22,3.473,2,209.16,209.62,1.085,1.061,1,209.78,.827,207.40,1.916,1,231.29,215.09,3.050,5.392,0,206.22,.791,0,239.06,7.589,2
18,ASSAM,mil,250,0.3,0,249.21,233.91,.425,.500,0,261.11,.524,2,272.54,1.654,2,249.99,250.94,.416,.390,1,248.73,.306,259.37,.747,0,254.20,249.51,.462,.958,0,240.56,.591,0,253.82,.555,1
19,WEST BENGAL,mil,268,0.5,2,262.02,282.91,.582,2.905,2,273.00,.875,2,281.08,1.741,2,266.55,268.48,.713,.620,2,265.18,.558,272.54,.848,0,275.21,262.99,.684,1.022,0,245.89,1.584,0,263.18,.961,0
20,JHARKHAND,mil,255,0.4,0,243.07,256.01,.496,1.105,2,266.14,.705,2,290.25,1.927,2,257.66,253.48,.604,.523,0,250.22,.438,270.45,.837,0,277.98,246.75,1.172,1.264,0,247.21,.693,0,255.66,.564,0
21,Odisha,mil,250,0.3,0,248.48,244.30,.435,.401,0,259.14,.567,2,252.02,1.020,2,247.72,251.74,.374,.356,2,247.25,.281,259.92,.612,0,260.57,244.04,.598,.640,0,237.84,.486,0,253.76,.413,0
22,Chhattisgarh,mil,258,0.4,2,248.20,252.99,.492,1.457,2,269.98,.633,2,296.34,2.169,2,255.99,260.54,.563,.525,2,253.53,.465,267.57,.663,0,274.89,258.16,1.254,1.113,0,248.48,.658,0,261.76,.557,0
23,MADHYA PRADESH,mil,266,0.3,2,264.51,249.34,.417,.943,0,271.04,.407,2,264.19,.784,1,264.21,268.10,.378,.375,2,261.32,.364,271.70,.386,0,284.39,263.78,.631,.665,0,243.30,.623,0,267.33,.364,0
24,Gujarat,mil,258,0.3,2,247.88,256.48,.506,.414,2,266.44,.462,2,256.85,.801,2,251.76,263.81,.359,.353,2,254.32,.303,264.92,.455,0,267.86,259.24,.550,.945,0,249.72,.502,0,256.46,.369,0
25,Daman & Diu,mil,255,2.1,1,245.02,256.52,2.680,6.103,2,268.24,4.181,2,270.17,7.905,2,248.13,261.24,3.127,2.779,2,255.45,2.760,253.50,3.292,1,263.59,258.44,4.238,11.701,1,238.46,4.654,0,254.35,2.875,0
26,Dadra & Nagar Haveli,mil,253,2.2,0,235.54,256.61,2.640,5.427,2,274.77,4.177,2,278.29,7.326,2,249.77,256.05,2.976,3.330,2,247.35,2.478,267.65,4.593,0,275.41,268.54,4.706,10.057,0,237.34,2.478,0,268.00,6.375,0
27,Maharashtra,mil,263,0.3,2,253.10,265.06,.644,.466,2,270.84,.503,2,252.95,.987,1,258.04,268.87,.410,.414,2,261.30,.382,266.29,.454,0,268.78,260.71,.514,.742,0,244.73,.731,0,267.33,.476,1
28,Andhra Pradesh,mil,250,0.4,0,245.64,240.73,.654,.804,0,259.06,.662,2,250.27,1.923,1,246.45,252.95,.597,.549,2,247.86,.541,252.28,.610,0,255.65,244.11,.883,.891,0,238.18,1.750,0,250.68,.572,0
29,Karnataka,mil,242,0.2,0,243.27,239.42,.355,.330,0,242.75,.342,1,248.58,.967,2,237.84,245.97,.284,.264,2,244.22,.258,239.46,.294,2,242.73,238.32,.618,.446,0,237.83,.661,0,244.13,.248,1
30,Goa,mil,227,1.1,0,223.74,230.96,1.612,1.565,2,220.47,4.119,1,225.50,4.784,1,220.23,233.91,1.455,1.525,2,228.70,1.344,223.75,1.740,2,225.88,229.11,1.386,6.372,1,229.42,2.876,1,234.82,2.340,2
31,Lakshadweep,mil,235,3.1,0,234.18,,3.240,,3,,,3.00,242.35,9.108,1,223.81,243.15,4.630,3.869,2,235.16,3.051,,,3,193.00,,,,3,235.28,3.090,2,246.50,18.500,2
32,Kerala,mil,278,0.4,2,272.23,276.48,.726,.701,2,285.20,.745,2,278.03,2.501,1,264.17,290.67,.597,.541,2,278.11,.484,278.32,.826,1,286.88,265.51,.841,1.497,0,255.80,2.428,0,277.49,.522,0
33,Tamilnadu,mil,253,0.3,0,246.04,252.50,.450,.487,2,260.80,.485,2,242.48,2.098,1,245.54,259.22,.402,.368,2,252.32,.291,258.79,.846,0,255.81,246.56,.794,.576,0,230.99,2.745,0,255.12,.349,1
34,Puducherry,mil,220,1.5,0,227.33,219.63,2.122,3.877,0,206.74,2.502,0,227.72,4.543,1,216.94,221.93,1.955,2.112,2,218.24,2.579,220.39,1.735,0,218.92,227.52,4.739,2.923,2,212.40,8.250,1,217.43,1.794,1
35,Andaman & Nicobar Islands,mil,242,1.6,0,235.71,231.75,1.686,5.957,1,259.53,3.941,2,275.11,9.228,2,237.11,247.50,2.161,2.293,2,240.87,1.896,245.37,2.867,0,242.12,252.75,2.063,47.856,2,223.18,3.336,0,252.70,3.188,2
36,Telangana,mil,243,0.2,0,238.82,237.18,.365,1.088,1,247.38,.375,2,244.97,.989,2,238.52,247.17,.357,.342,2,242.22,.347,243.98,.356,0,245.91,243.17,.729,.611,0,237.27,.704,0,243.88,.325,1
37,Ladakh,mil,230,1.6,0,219.25,,2.120,,3,241.60,2.405,2,240.40,6.226,2,226.68,231.80,2.268,2.225,2,226.08,1.940,237.11,2.743,0,231.09,177.50,11.553,26.500,0,229.84,1.687,1,240.00,24.269,2
0,National,mil,256,0.1,,250.77,249.57,.110,.140,0,263.46,.120,2,269.62,.314,2,254.34,258.15,.100,.097,2,253.14,.083,262.97,.126,0,267.48,253.77,.145,.170,0,239.11,.178,0,256.56,.103,0
1,Jammu & Kashmir,math,210,0.4,0,201.32,190.67,.589,15.987,0,218.92,.666,2,229.36,2.188,2,212.02,208.67,.635,.615,0,208.16,.521,215.77,.827,0,212.79,199.22,.541,1.359,0,199.71,1.406,0,211.43,1.534,1
2,Himachal Pradesh,math,209,0.6,0,197.08,,.660,,3,216.68,.879,2,235.22,2.404,2,209.31,208.69,.796,.791,1,207.12,.621,215.61,1.269,0,212.56,202.06,.801,1.032,0,204.47,1.538,0,209.02,1.699,1
3,Punjab,math,270,0.7,2,304.00,238.07,1.149,1.249,0,250.93,.896,0,254.62,2.033,0,263.71,275.87,.904,.937,2,277.49,.884,259.27,.949,2,263.94,275.77,.946,1.122,2,240.96,10.465,0,270.88,1.493,2
4,Chandigarh,math,257,2.5,2,242.88,246.39,3.761,8.351,1,271.48,4.127,2,269.73,7.521,2,259.88,255.08,3.891,3.277,1,229.53,9.657,259.72,2.618,0,259.44,239.20,2.936,5.797,0,300.80,58.653,2,261.39,9.109,1
5,Uttarakhand,math,215,0.5,0,207.42,204.40,.838,.983,1,226.39,.962,2,237.77,2.266,2,216.75,213.22,.726,.790,0,213.19,.632,219.61,.996,0,220.98,205.89,.741,1.076,0,204.34,2.843,0,212.49,1.185,0
6,Haryana,math,237,0.5,2,234.99,200.76,.769,2.670,0,239.45,.771,2,244.61,2.318,2,235.46,238.49,.754,.737,2,237.65,.644,235.74,.917,1,243.12,230.14,.852,.983,0,233.24,11.525,0,235.74,.944,0
7,Delhi,math,226,0.6,2,208.75,208.29,.718,1.156,1,249.92,1.080,2,230.30,2.231,2,228.61,223.04,.846,.814,0,219.30,4.255,226.15,.597,0,229.98,208.45,.751,1.232,0,213.22,4.871,0,226.58,1.489,1
8,Rajasthan,math,255,0.5,2,263.53,,.755,,3,244.12,.723,0,254.87,1.676,0,251.62,257.84,.684,.756,2,260.04,.613,240.71,.878,2,255.51,254.19,1.137,1.262,1,241.17,1.213,0,257.97,.742,1
9,Uttar Pradesh,math,209,0.2,0,200.31,208.06,.382,.363,2,211.76,.354,2,242.68,1.167,2,213.80,204.89,.317,.284,0,208.85,.242,209.48,.438,1,214.91,204.54,.483,.435,0,202.80,1.854,0,208.94,.289,0
10,BIHAR,math,229,0.4,2,221.59,218.44,.504,1.344,1,237.69,.709,2,278.58,2.434,2,237.69,222.10,.622,.510,0,226.51,.439,239.36,.934,0,236.87,215.84,.881,1.092,0,214.73,2.397,0,229.81,.513,0
11,SIKKIM,math,195,1.0,0,189.52,201.02,.995,5.589,2,203.12,1.993,2,228.51,6.801,2,197.05,193.23,1.430,1.295,0,192.78,.995,205.87,2.775,0,216.51,192.76,4.176,3.248,0,193.45,1.391,0,191.41,1.365,0
12,ARUNACHAL PRADESH,math,200,0.6,0,191.32,227.25,.669,2.528,2,207.22,1.292,2,217.83,2.183,2,200.66,199.77,.889,.827,1,197.28,.727,204.79,1.050,0,201.39,211.07,1.869,3.815,2,199.74,.669,1,203.72,2.919,1
13,NAGALAND,math,199,0.6,0,196.03,,.989,,3,200.37,.837,2,213.59,4.456,2,199.03,199.60,.977,.858,1,199.45,.834,199.16,1.016,1,205.96,205.45,3.559,6.822,1,198.86,.690,0,203.59,4.745,1
14,MANIPUR,math,211,0.7,0,200.25,202.00,1.158,2.470,1,216.86,.931,2,231.63,3.976,2,212.09,210.82,1.024,.963,1,210.77,.791,213.27,1.510,0,213.91,206.37,1.746,2.676,0,208.83,1.041,0,215.11,1.294,1
15,MIZORAM,math,197,0.6,0,195.58,197.16,1.015,1.018,1,200.16,1.208,2,192.33,3.058,1,197.93,196.60,.877,.874,1,198.34,.916,196.11,.836,1,202.50,185.44,7.383,9.525,0,197.42,.660,1,194.00,11.444,0
16,TRIPURA,math,214,0.9,0,206.95,217.19,.972,2.889,2,228.19,2.070,2,240.15,4.599,2,214.85,213.64,1.243,1.199,1,210.36,.914,227.32,2.122,0,226.35,213.13,2.020,1.786,0,202.22,1.259,0,220.38,1.887,1
17,MEGHALAYA,math,195,0.5,0,192.49,192.70,1.256,.698,1,197.59,.889,2,215.45,3.925,2,196.88,193.67,.810,.646,0,194.23,.555,199.12,1.239,0,215.31,191.32,2.883,5.099,0,193.37,.518,0,223.38,6.162,2
18,ASSAM,math,220,0.3,2,217.97,209.89,.548,.613,0,228.55,.585,2,238.29,1.731,2,221.58,219.46,.489,.458,0,219.70,.363,224.17,.858,0,228.80,217.55,.577,1.195,0,211.42,.641,0,216.61,.603,0
19,WEST BENGAL,math,222,0.5,2,207.89,226.21,.604,3.287,2,241.66,.958,2,244.05,2.024,2,230.05,216.39,.835,.647,0,218.97,.612,229.63,.960,0,231.27,214.99,.789,1.127,0,199.82,1.635,0,216.86,.990,0
20,JHARKHAND,math,218,0.4,1,213.64,205.24,.582,1.004,0,222.73,.745,2,245.37,1.997,2,221.67,214.59,.662,.540,0,216.38,.475,221.43,.889,0,231.24,212.44,1.306,1.330,0,208.00,.698,0,220.71,.616,0
21,Odisha,math,225,0.4,2,216.91,218.17,.567,.539,1,241.78,.774,2,240.61,1.449,2,227.46,223.19,.522,.474,0,221.67,.383,239.02,.831,0,242.32,216.72,.852,.848,0,209.86,.615,0,228.62,.570,0
22,Chhattisgarh,math,201,0.3,0,197.08,192.41,.416,1.197,0,206.35,.570,2,229.53,2.162,2,202.43,200.70,.486,.449,1,199.94,.401,204.39,.577,0,216.49,197.39,1.220,.888,0,197.18,.555,0,201.74,.478,0
23,MADHYA PRADESH,math,222,0.3,2,228.18,214.64,.530,1.228,0,219.23,.433,0,218.06,.718,0,222.02,222.24,.427,.420,1,223.93,.425,220.10,.419,2,235.68,221.51,.760,.767,0,205.33,.633,0,222.42,.418,0
24,Gujarat,math,209,0.3,0,198.61,206.06,.437,.406,2,216.27,.489,2,215.63,.819,2,209.63,207.90,.361,.353,0,207.26,.303,211.79,.454,0,219.08,204.18,.604,.839,0,208.70,.526,0,203.99,.336,0
25,Daman & Diu,math,204,1.9,0,199.71,208.65,2.333,4.224,1,209.55,4.190,2,209.14,7.547,2,204.78,203.53,2.588,2.718,1,207.57,2.726,199.31,2.315,2,209.14,190.76,4.195,9.271,0,197.83,3.237,0,203.21,2.462,1
26,Dadra & Nagar Haveli,math,207,2.1,0,194.50,187.43,2.000,4.902,0,230.61,4.442,2,220.75,9.437,2,209.11,204.32,2.903,2.897,1,206.74,2.339,208.18,4.474,1,228.04,214.92,5.686,6.943,0,194.98,2.013,0,217.77,6.944,0
27,Maharashtra,math,209,0.3,0,199.07,205.38,.492,.390,2,218.37,.504,2,212.15,.919,2,210.01,208.61,.378,.369,1,207.59,.334,211.64,.426,0,214.78,204.03,.485,.628,0,199.23,.609,0,210.29,.438,0
28,Andhra Pradesh,math,213,0.6,0,208.22,192.77,1.000,.871,0,224.35,.993,2,234.24,2.224,2,215.73,210.16,.858,.778,0,212.43,.785,213.19,.853,1,222.64,202.57,1.263,1.175,0,206.63,2.429,0,213.35,.833,0
29,Karnataka,math,215,0.3,0,220.44,211.92,.555,.466,0,212.34,.452,0,226.06,1.326,2,215.01,215.76,.403,.385,1,217.60,.378,212.60,.409,2,218.16,210.67,.849,.641,0,213.29,.924,0,216.80,.363,1
30,Goa,math,207,1.3,0,192.83,202.09,1.504,1.459,2,258.38,6.140,2,235.48,6.105,2,206.42,207.33,1.862,1.770,1,205.90,1.550,208.93,2.289,1,212.10,200.06,1.789,7.341,0,194.29,2.698,0,198.90,2.362,0
31,Lakshadweep,math,202,2.3,0,199.99,,2.336,,3,,,3,216.56,9.063,2,199.39,203.28,3.730,2.986,2,201.81,2.329,,,3,,,,,3,202.09,2.371,3,182.33,11.096,3
32,Kerala,math,212,0.4,0,200.80,201.82,.550,.507,1,226.56,.745,2,242.07,2.340,2,209.10,214.07,.525,.536,2,209.57,.426,217.40,.778,0,222.20,201.79,.818,1.160,0,190.45,1.904,0,209.30,.456,0
33,Tamilnadu,math,200,0.3,0,197.54,194.84,.477,.449,0,206.80,.503,2,220.81,2.683,2,200.91,200.13,.423,.376,1,200.50,.298,200.35,.843,1,202.27,197.70,.796,.600,0,189.06,2.805,0,201.21,.357,1
34,Puducherry,math,212,1.2,0,204.00,203.76,1.711,2.144,1,217.12,1.993,2,257.54,5.419,2,210.45,213.56,1.793,1.532,2,211.73,1.880,212.51,1.454,1,221.38,202.38,3.374,2.294,0,196.33,22.333,0,212.74,1.475,0
35,Andaman & Nicobar Islands,math,213,1.5,0,206.95,207.67,1.637,6.940,1,228.51,3.715,2,236.15,6.811,2,210.78,214.71,2.033,2.164,2,212.88,1.780,212.60,2.691,1,211.34,276.67,2.058,45.293,2,205.34,3.291,1,218.40,2.710,2
36,Telangana,math,207,0.3,0,203.01,202.61,.515,1.723,1,211.14,.477,2,212.65,1.256,2,208.46,206.60,.477,.464,0,206.16,.475,208.70,.466,0,216.99,205.16,.960,.829,0,202.69,.947,0,206.53,.437,0
37,Ladakh,math,203,1.4,0,193.39,,1.841,,3,213.73,2.325,2,217.42,4.552,2,201.52,203.93,2.166,1.918,2,201.06,1.643,207.15,2.857,0,203.75,,7.958,,3,202.64,1.497,1,208.67,22.408,1
0,National,math,218,0.1,,216.51,208.19,.138,.151,0,222.82,.133,2,230.12,.322,2,219.67,216.46,.116,.110,0,217.15,.097,219.72,.139,0,227.02,217.04,.167,.214,0,205.43,.172,0,217.28,.121,0
1,Jammu & Kashmir,sci,210,0.6,2,191.03,182.50,.703,19.328,2,227.85,.802,2,247.76,2.637,2,208.63,210.99,.792,.767,1,204.45,.637,223.36,1.052,0,214.93,191.35,.673,1.672,0,188.66,1.642,0,209.58,1.911,0
2,Himachal Pradesh,sci,206,0.7,2,184.29,,.718,,3,223.62,1.050,2,235.76,2.757,2,203.93,208.66,.935,.978,2,201.54,.738,222.60,1.528,0,212.34,194.31,.950,1.290,0,200.16,2.074,0,204.03,1.846,0
3,Punjab,sci,245,0.5,2,263.78,207.70,.868,.982,0,241.81,.835,0,255.20,1.978,0,238.01,252.07,.754,.734,2,248.81,.685,239.88,.826,2,247.62,243.44,.810,.874,0,221.06,7.210,0,243.21,1.195,0
4,Chandigarh,sci,256,2.4,2,225.69,240.74,3.575,6.921,2,287.69,3.274,2,264.68,6.616,2,257.12,254.90,3.366,3.353,0,222.67,8.794,258.74,2.444,0,262.64,227.02,2.633,6.180,0,319.50,26.500,2,244.10,9.991,0
5,Uttarakhand,sci,204,0.5,1,189.79,188.08,.798,.965,1,223.41,.987,2,235.23,2.156,2,203.22,204.38,.748,.803,1,200.30,.647,211.65,1.008,0,214.33,189.02,.790,1.019,0,195.08,2.866,0,195.49,1.096,0
6,Haryana,sci,223,0.5,2,213.70,193.13,.708,3.308,0,230.44,.776,2,250.73,2.429,2,217.75,227.14,.742,.712,2,219.56,.613,229.05,.937,0,233.18,212.84,.851,.938,0,219.12,8.908,0,219.23,.898,0
7,Delhi,sci,229,0.6,2,204.57,206.80,.795,1.428,1,260.30,1.068,2,240.89,2.682,2,226.44,231.60,.893,.939,2,204.75,3.760,229.20,.655,0,233.13,208.51,.808,1.421,0,222.49,6.429,0,231.54,1.686,1
8,Rajasthan,sci,237,0.4,2,242.60,,.671,,3,228.30,.614,0,253.29,1.827,2,233.59,240.90,.609,.661,2,239.73,.542,230.12,.785,2,244.30,235.96,1.012,1.101,0,223.59,1.142,0,238.35,.646,0
9,Uttar Pradesh,sci,189,0.2,0,181.35,183.83,.360,.291,2,192.33,.342,2,239.16,1.141,2,192.44,185.43,.295,.258,0,186.87,.215,195.15,.447,0,198.10,182.77,.465,.388,0,183.20,1.832,0,188.01,.261,0
10,BIHAR,sci,202,0.4,0,189.45,186.24,.424,1.155,0,219.11,.725,2,256.58,2.055,2,210.71,195.12,.588,.481,0,197.28,.403,220.82,.923,0,214.71,187.80,.863,1.009,0,197.36,2.065,0,200.98,.475,0
11,SIKKIM,sci,201,1.2,0,189.72,237.30,1.232,10.521,2,224.67,2.666,2,235.09,5.394,2,201.00,201.76,1.800,1.646,1,196.55,1.253,223.02,3.289,0,221.90,200.13,4.383,4.500,0,198.99,1.887,0,199.08,1.818,0
12,ARUNACHAL PRADESH,sci,205,0.8,1,188.33,245.17,.826,2.895,2,223.67,1.670,2,237.10,2.751,2,204.43,205.64,1.166,1.075,1,200.56,.956,212.27,1.350,0,199.88,205.82,2.168,6.362,1,205.94,.894,2,213.65,3.983,2
13,NAGALAND,sci,197,0.7,0,185.74,,1.019,,3,204.01,.871,2,204.85,3.747,2,196.09,198.16,.999,.904,1,194.14,.860,201.63,1.057,0,200.65,199.70,3.908,5.491,1,196.87,.710,1,207.32,5.455,1
14,MANIPUR,sci,204,0.8,1,187.52,186.63,1.272,2.630,1,212.43,.951,2,239.17,4.404,2,203.35,205.02,1.102,1.027,1,202.50,.844,209.75,1.624,0,207.37,207.27,1.966,3.131,1,203.69,1.035,1,203.68,1.449,1
15,MIZORAM,sci,182,0.7,0,176.17,180.80,1.035,1.467,1,191.21,1.325,2,178.92,3.784,1,181.03,182.35,1.044,.970,1,178.20,1.008,185.25,.995,0,212.63,174.60,11.243,7.410,0,181.95,.750,0,223.60,20.544,2
16,TRIPURA,sci,200,0.9,0,183.80,205.03,.862,2.799,2,232.63,1.993,2,244.39,4.730,2,199.96,199.20,1.259,1.180,1,195.39,.937,213.70,1.979,0,214.33,197.05,2.026,1.912,0,189.30,1.260,0,202.93,1.832,0
17,MEGHALAYA,sci,183,0.6,0,179.82,179.13,1.504,.789,1,186.83,1.055,2,226.41,4.910,2,181.94,184.38,.922,.786,2,180.79,.628,195.86,1.676,0,209.98,190.46,3.508,6.661,0,181.16,.604,0,210.58,6.569,1
18,ASSAM,sci,202,0.3,0,195.15,182.02,.488,.555,0,219.41,.609,2,245.92,1.876,2,204.99,199.98,.499,.448,0,199.46,.355,216.26,.898,0,208.76,197.23,.579,1.123,0,196.28,.668,0,199.94,.602,0
19,WEST BENGAL,sci,217,0.5,2,194.71,223.09,.582,2.928,2,246.30,.983,2,247.45,2.144,2,222.78,211.92,.839,.705,0,210.18,.644,230.14,.968,0,229.68,205.38,.812,1.097,0,195.35,1.813,0,206.79,1.086,0
20,JHARKHAND,sci,202,0.4,0,194.50,188.43,.542,.979,0,213.21,.775,2,230.06,2.002,2,207.05,198.80,.670,.529,0,198.93,.463,212.52,.912,0,224.72,195.02,1.286,1.352,0,189.68,.671,0,205.29,.604,0
21,Odisha,sci,205,0.3,2,193.86,192.51,.518,.488,1,230.32,.812,2,227.07,1.502,2,205.65,204.11,.520,.471,1,198.72,.366,228.37,.874,0,230.08,195.30,.870,.816,0,186.53,.615,0,205.95,.540,0
22,Chhattisgarh,sci,190,0.4,0,180.65,180.62,.451,1.269,1,199.37,.663,2,234.46,2.375,2,189.31,190.00,.560,.509,1,186.18,.449,196.19,.674,0,212.28,186.21,1.390,1.035,0,182.20,.612,0,190.06,.543,0
23,MADHYA PRADESH,sci,203,0.3,0,206.06,184.69,.484,.899,0,203.17,.442,0,201.70,.781,0,201.26,204.45,.412,.407,2,201.98,.397,203.90,.423,0,220.68,199.64,.736,.712,0,184.85,.633,0,202.91,.401,0
24,Gujarat,sci,196,0.3,0,181.81,190.53,.482,.412,2,209.67,.543,2,202.97,.903,2,194.38,197.78,.401,.379,2,192.07,.324,204.20,.504,0,214.71,194.04,.652,.954,0,189.51,.537,0,189.83,.369,0
25,Daman & Diu,sci,196,2.3,0,187.07,204.33,2.685,8.309,2,205.28,4.549,2,212.50,8.838,2,196.68,195.19,3.190,3.213,1,199.88,2.969,190.33,3.461,2,204.64,190.67,4.730,9.769,0,184.86,5.745,0,195.00,2.952,0
26,Dadra & Nagar Haveli,sci,202,2.6,1,178.84,172.93,2.300,5.617,1,245.72,4.575,2,212.75,13.057,2,201.59,202.38,3.484,3.753,1,197.76,2.899,214.24,5.186,0,231.73,217.52,5.644,11.515,0,184.37,2.609,0,209.07,8.235,0
27,Maharashtra,sci,199,0.3,0,182.70,190.28,.552,.416,2,218.32,.572,2,199.69,1.030,2,197.74,200.87,.429,.421,2,193.90,.381,206.53,.477,0,207.90,193.08,.537,.760,0,180.53,.696,0,201.12,.492,0
28,Andhra Pradesh,sci,202,0.6,0,189.92,178.02,.858,.854,0,220.23,.923,2,232.62,2.496,2,199.63,203.65,.832,.755,2,197.78,.741,206.35,.844,0,217.58,189.64,1.277,1.115,0,190.35,2.408,0,200.70,.780,0
29,Karnataka,sci,201,0.3,0,198.30,191.70,.564,.482,0,209.60,.508,2,222.68,1.448,2,198.23,204.13,.435,.409,2,200.25,.402,202.77,.444,0,214.83,191.96,.947,.667,0,191.03,1.013,0,202.90,.380,0
30,Goa,sci,214,1.5,2,186.43,217.84,1.917,2.117,2,269.93,4.153,2,253.63,6.680,2,209.54,219.23,2.191,2.142,2,207.68,1.830,228.76,2.697,0,217.67,235.88,2.052,12.540,2,194.20,4.136,0,210.35,3.118,1
31,Lakshadweep,sci,205,3.9,2,203.20,,4.098,,3,,,3.00,219.16,11.064,2,197.71,210.15,6.827,4.430,2,205.01,3.853,,,3,196.00,,,,3,204.62,3.906,2,,,3
32,Kerala,sci,213,0.5,2,191.95,195.16,.660,.628,2,240.97,.896,2,265.01,2.520,2,205.48,219.57,.688,.662,2,209.68,.547,221.38,.976,0,230.93,198.22,.991,1.545,0,187.85,2.575,0,207.69,.588,0
33,Tamilnadu,sci,194,0.3,0,185.59,189.65,.460,.468,2,205.29,.576,2,209.60,2.673,2,189.71,197.85,.453,.399,2,193.68,.318,198.08,.921,0,197.51,188.35,.901,.599,0,185.18,3.403,0,195.64,.384,1
34,Puducherry,sci,205,1.2,1,192.57,196.94,1.738,2.130,1,216.03,1.971,2,244.25,6.209,2,197.82,211.33,1.772,1.568,2,202.34,1.805,208.19,1.560,0,216.04,195.57,3.435,2.772,0,194.71,11.357,0,205.61,1.447,0
35,Andaman & Nicobar Islands,sci,214,2.0,2,200.69,236.67,2.140,8.859,2,248.91,4.108,2,245.57,9.241,2,211.22,215.79,2.785,2.749,1,210.78,2.411,218.92,3.333,0,215.08,213.50,2.504,23.785,1,175.16,3.582,0,230.03,3.928,2
36,Telangana,sci,198,0.3,0,185.23,191.94,.482,1.578,2,209.49,.506,2,204.78,1.369,2,195.20,200.81,.492,.477,2,192.07,.471,203.88,.490,0,215.10,190.93,.972,.817,0,189.11,1.002,0,197.63,.449,0
37,Ladakh,sci,212,1.9,2,199.06,,2.293,,3,227.44,3.235,2,230.91,7.639,2,208.89,214.38,2.786,2.615,2,209.06,2.249,218.70,3.586,0,202.67,214.17,8.907,13.400,2,212.17,2.049,2,227.00,69.000,2
0,National,sci,204,0.1,,197.12,189.31,.126,.141,0,215.69,.138,2,223.65,.347,2,203.90,204.07,.116,.109,1,200.20,.094,211.81,.144,0,218.56,198.94,.170,.197,0,190.97,.182,0,201.61,.117,0
1,Jammu & Kashmir,sst,225,0.6,0,207.83,205.20,.684,15.262,1,241.41,.836,2,269.34,2.976,2,224.63,225.94,.791,.778,1,219.54,.632,239.85,1.088,0,229.81,208.01,.681,1.804,0,207.27,1.677,0,226.15,1.867,1
2,Himachal Pradesh,sst,234,0.7,2,212.97,,.731,,3,249.96,1.179,2,268.06,2.769,2,229.82,238.63,1.004,1.029,2,228.96,.777,252.22,1.679,0,241.92,220.59,1.042,1.273,0,231.99,2.050,0,224.47,1.903,0
3,Punjab,sst,261,0.5,2,271.88,227.90,.759,.820,0,263.38,.843,0,272.09,2.055,1,255.25,266.19,.697,.673,2,264.85,.630,255.17,.758,2,264.91,257.60,.779,.775,0,256.18,7.788,0,258.60,1.049,0
4,Chandigarh,sst,281,2.5,2,246.64,264.84,3.124,6.348,2,318.68,3.937,2,287.53,8.196,2,282.97,279.89,3.654,3.519,0,248.12,7.517,284.16,2.653,0,288.22,247.64,2.927,5.502,0,,,3,271.15,7.868,0
5,Uttarakhand,sst,229,0.5,1,217.52,214.74,.779,.925,1,245.41,1.013,2,260.21,2.621,2,227.50,230.94,.748,.798,2,226.07,.643,235.91,1.018,0,239.04,214.98,.796,.996,0,218.59,3.013,0,221.56,1.079,0
6,Haryana,sst,246,0.5,2,239.55,219.39,.723,2.950,0,252.66,.806,2,265.60,2.514,2,240.88,251.46,.762,.725,2,243.92,.625,251.50,.966,0,257.14,237.03,.881,.955,0,228.00,8.892,0,241.94,.903,0
7,Delhi,sst,255,0.7,2,227.79,231.49,.793,1.421,1,291.16,1.171,2,262.58,2.850,2,252.57,258.18,.966,.982,2,234.59,4.303,255.48,.698,0,261.18,230.89,.868,1.471,0,248.21,6.756,0,251.71,1.757,0
8,Rajasthan,sst,261,0.5,2,264.73,,.698,,3,253.75,.632,0,274.64,1.821,2,258.53,262.72,.627,.682,2,263.58,.564,252.83,.782,2,270.55,256.95,1.060,1.142,0,245.17,1.222,0,262.30,.649,0
9,Uttar Pradesh,sst,213,0.2,0,210.86,207.18,.386,.293,0,214.71,.337,2,255.45,1.170,2,215.75,210.45,.294,.261,0,211.38,.217,218.34,.444,0,222.70,208.70,.470,.395,0,204.50,1.755,0,211.48,.260,0
10,BIHAR,sst,223,0.4,0,210.62,210.73,.419,1.099,1,238.54,.732,2,283.01,2.280,2,230.82,216.97,.594,.482,0,218.54,.403,241.01,.940,0,239.26,210.88,.879,.989,0,217.36,2.147,0,220.11,.468,0
11,SIKKIM,sst,238,1.3,2,226.30,252.09,1.243,6.442,2,257.86,2.862,2,291.50,6.832,2,234.46,241.04,1.805,1.734,2,233.63,1.294,257.44,3.500,0,257.66,228.11,4.744,4.699,0,237.10,1.961,0,234.61,1.797,0
12,ARUNACHAL PRADESH,sst,235,0.9,2,217.04,276.64,.911,2.938,2,258.78,1.837,2,262.22,2.918,2,233.52,236.36,1.221,1.192,2,229.77,1.048,243.47,1.431,0,224.87,232.39,2.358,5.348,2,237.85,.962,2,232.01,4.552,2
13,NAGALAND,sst,233,0.7,2,217.54,,1.121,,3,242.43,.929,2,240.19,3.964,2,230.98,234.70,1.098,.975,2,229.29,.906,238.49,1.206,0,239.54,238.90,4.448,6.643,1,232.67,.770,1,243.17,5.599,1
14,MANIPUR,sst,229,0.8,1,212.14,210.61,1.151,2.266,1,236.92,1.024,2,271.30,4.517,2,228.54,228.59,1.142,1.015,1,228.63,.857,228.21,1.634,1,229.87,228.67,1.988,3.531,1,232.34,1.055,1,223.02,1.427,0
15,MIZORAM,sst,206,0.7,0,200.06,204.89,1.003,1.349,2,215.26,1.326,2,211.25,4.439,2,206.98,205.66,1.087,.891,1,200.68,.930,211.59,1.008,0,214.00,208.56,11.756,10.027,0,206.31,.727,0,231.80,17.887,2
16,TRIPURA,sst,226,0.8,0,213.92,230.42,.883,2.593,2,252.51,1.993,2,257.62,4.263,2,227.66,224.89,1.221,1.130,0,222.36,.900,239.54,1.936,0,239.58,223.97,1.973,1.845,0,213.88,1.236,0,233.10,1.703,1
17,MEGHALAYA,sst,208,0.6,0,204.18,204.75,1.523,.709,1,211.02,.996,2,247.50,4.691,2,207.89,208.13,.888,.711,1,205.78,.588,219.62,1.549,0,231.28,215.48,3.295,7.604,0,206.07,.565,0,244.55,6.701,2
18,ASSAM,sst,225,0.3,0,218.22,206.79,.414,.488,0,238.91,.570,2,274.82,2.139,2,226.67,223.11,.459,.406,0,221.83,.321,239.03,.836,0,227.18,220.34,.521,1.031,0,220.10,.614,0,226.75,.564,1
19,WEST BENGAL,sst,243,0.5,2,221.58,246.26,.554,3.103,2,272.16,.989,2,276.48,2.245,2,249.00,238.95,.832,.697,0,236.65,.627,257.24,.985,0,255.56,234.54,.803,1.104,0,218.56,1.805,0,233.60,1.051,0
20,JHARKHAND,sst,230,0.4,2,222.58,222.12,.574,1.011,1,239.85,.793,2,255.16,1.999,2,233.32,228.18,.673,.558,0,227.08,.478,240.30,.937,0,250.38,223.29,1.413,1.326,0,222.49,.675,0,231.38,.635,0
21,Odisha,sst,227,0.3,0,216.90,213.42,.473,.442,0,254.10,.815,2,244.68,1.381,2,228.20,225.63,.502,.441,0,220.34,.342,252.12,.848,0,252.54,215.85,.865,.759,0,210.90,.572,0,227.38,.503,0
22,Chhattisgarh,sst,217,0.4,0,208.11,210.28,.428,1.225,1,226.56,.652,2,256.44,2.317,2,216.87,217.02,.545,.487,1,213.50,.430,223.40,.655,0,236.34,212.35,1.369,.990,0,210.74,.592,0,217.78,.524,0
23,MADHYA PRADESH,sst,226,0.3,0,226.51,208.60,.450,.893,0,228.97,.455,2,225.59,.789,1,224.82,227.64,.407,.400,2,223.55,.383,229.33,.425,0,246.23,222.46,.748,.698,0,209.59,.615,0,225.05,.387,0
24,Gujarat,sst,227,0.3,0,214.04,222.15,.514,.422,2,240.60,.544,2,231.16,.923,2,223.81,230.74,.404,.388,2,223.45,.333,234.94,.507,0,244.24,227.77,.670,1.000,0,218.87,.529,0,222.35,.381,0
25,Daman & Diu,sst,223,2.4,0,211.51,226.23,2.738,5.366,2,239.94,5.256,2,236.50,11.136,2,219.72,226.14,3.413,3.323,2,227.25,3.384,216.63,3.167,2,238.42,219.96,5.102,10.355,0,214.62,5.759,0,216.80,3.068,0
26,Dadra & Nagar Haveli,sst,231,2.6,2,205.80,220.42,2.305,5.271,2,273.50,5.014,2,233.79,11.771,2,231.79,229.57,3.515,3.819,0,228.11,3.071,238.91,4.747,0,262.46,245.52,6.199,8.788,0,209.40,2.529,0,266.10,7.239,1
27,Maharashtra,sst,229,0.3,1,210.88,222.95,.570,.434,2,246.73,.596,2,226.92,1.052,2,227.88,230.35,.449,.427,2,224.67,.392,235.07,.496,0,237.20,222.65,.556,.747,0,211.71,.742,0,230.98,.509,0
28,Andhra Pradesh,sst,226,0.6,0,213.28,209.77,.894,.929,1,242.98,1.007,2,248.35,2.576,2,225.01,227.21,.864,.786,1,221.05,.759,232.04,.886,0,240.64,215.73,1.301,1.249,0,209.24,2.241,0,225.07,.797,0
29,Karnataka,sst,230,0.3,2,230.14,223.04,.492,.441,0,233.37,.518,2,245.20,1.472,2,226.30,233.03,.407,.383,2,230.64,.369,228.82,.429,2,243.14,222.97,.967,.605,0,223.25,.893,0,230.34,.357,0
30,Goa,sst,242,1.6,2,216.45,241.06,1.811,1.976,2,307.01,4.969,2,282.82,7.836,2,237.28,247.21,2.244,2.134,2,237.31,1.831,252.91,2.842,0,247.73,229.03,2.071,8.642,0,221.39,3.370,0,236.03,3.401,0
31,Lakshadweep,sst,227,3.5,0,223.95,,3.670,,3,,,3.00,251.17,10.636,2,219.60,231.59,6.022,4.256,2,226.90,3.520,,,3,290.00,,,,3,225.58,3.510,0,249.83,29.647,0
32,Kerala,sst,243,0.5,2,222.68,225.20,.673,.671,1,271.71,.962,2,287.01,2.701,2,235.71,249.70,.732,.678,2,239.72,.568,251.55,1.030,0,262.81,228.86,1.073,1.503,0,213.95,2.511,0,237.19,.600,0
33,Tamilnadu,sst,221,0.3,0,211.89,217.00,.457,.490,2,233.17,.642,2,233.86,2.781,2,215.67,225.97,.490,.417,2,220.72,.338,225.93,1.004,0,224.31,213.82,.969,.616,0,205.02,3.295,0,223.53,.410,1
34,Puducherry,sst,228,1.3,1,210.78,219.61,1.563,2.326,2,240.49,2.143,2,285.03,7.593,2,222.82,233.00,1.977,1.640,2,224.41,1.920,231.83,1.688,0,242.25,215.56,4.287,2.482,0,241.60,30.891,1,228.66,1.549,0
35,Andaman & Nicobar Islands,sst,233,2.0,2,218.48,258.88,2.040,11.853,2,273.76,4.632,2,262.87,9.011,2,225.23,240.49,2.668,2.905,2,226.95,2.395,244.91,3.469,0,239.00,236.75,2.546,19.906,1,198.94,3.780,0,240.23,4.252,1
36,Telangana,sst,223,0.3,0,211.71,215.31,.483,1.423,1,231.78,.513,2,231.43,1.352,2,219.42,225.38,.498,.465,2,217.76,.470,227.11,.486,0,237.43,219.58,.998,.822,0,213.16,.931,0,221.26,.446,0
37,Ladakh,sst,228,2.1,1,209.24,,2.424,,3,251.67,3.397,2,240.58,8.840,2,225.91,229.23,2.885,3.012,2,219.81,2.405,245.28,3.891,0,224.36,248.50,11.203,43.500,0,228.49,2.224,1,255.00,1.000,2
0,National,sst,229.11,0.078598011,,222.10,216.20,.121,.138,0,240.22,.141,2,247.31,.353,2,228.74,229.45,.115,.107,2,225.36,.093,236.89,.145,0,242.95,223.95,.173,.191,0,218.20,.180,0,226.65,.116,0
